"Name","Length"
"0071824cx001-01.jpg","216394"
"0071824cx001-02.jpg","143591"
"0071824cx001-04.jpg","178893"
"0071824cx001-05.jpg","154640"
"0071824cx001-06.jpg","171119"
"0071824cx001-07.jpg","241643"
"0071824cx001-08.jpg","109813"
"0071824cx001-09.jpg","168595"
"0071824cx001-10.jpg","113633"
"0071824cx001-11.jpg","105965"
"0071824cx001-12.jpg","175725"
"0071824cx001-13.jpg","215793"
"0071824cx001-14.jpg","119285"
"0071824cx001-15.jpg","114976"
"0071824cx003a-04.jpg","158117"
"0071824cx003a-05.jpg","155289"
"0071824cx003a-06.jpg","153697"
"0071824cx003a-09.jpg","191529"
"0071824cx004-01.jpg","122609"
"0071824cx004-02.jpg","100087"
"0071824cx004-04.jpg","296095"
"0071824cx004-05.jpg","175126"
"0071824cx006-01.jpg","154706"
"0071824cx006-02.jpg","183977"
"0071824cx006-03.jpg","139740"
"0071824cx006-04.jpg","262823"
"0071824cx006-12.jpg","210575"
"0071824cx006-13.jpg","195849"
"0071824cx006-14.jpg","233681"
"0071824cx006-15.jpg","139618"
"0071824cx006-16.jpg","245920"
"0071824cx007-01.jpg","244113"
"0071824cx007-02.jpg","247500"
"0071824cx007-03.jpg","224188"
"0071824cx007-04.jpg","183533"
"0071824cx007-07.jpg","318763"
"0071824cx007-09.jpg","328791"
"0071824cx010-06.jpg","198145"
"0071824cx010-10.jpg","137456"
"0071824cx011-02.jpg","196184"
"0071824cx011-03.jpg","162143"
"0071824cx011-04.jpg","151241"
"0071824cx011-05.jpg","166405"
"0071824cx011-06.jpg","219392"
"0071824cx015a-01.jpg","169520"
"0071824cx015a-02.jpg","289145"
"0071824cx015a-04.jpg","153776"
"0071824cx015a-05.jpg","205838"
"0071824cx015a-10.jpg","229078"
"0071824cx016-01.jpg","113180"
"0071824cx016-04.jpg","105567"
"0071824cx016-07.jpg","304799"
"0071824cx016-08.jpg","381441"
"0071824cx016-09.jpg","310235"
"0071824cx016-10.jpg","203286"
"0071824cx016-11.jpg","226209"
"0071824cx016-12.jpg","193823"
"0071824cx017a-01.jpg","357497"
"0071824cx017a-02.jpg","163013"
"0071824cx017a-04.jpg","163989"
"0071824cx017a-05.jpg","153836"
"0071824cx017a-06.jpg","302814"
"0071824cx017a-07.jpg","214828"
"0071824cx017a-08.jpg","186091"
"0071824cx017a-09.jpg","206609"
"0071824cx017a-10.jpg","159884"
"0071824cx017a-11.jpg","174438"
"0071824cx017a-12.jpg","205300"
"0071824cx017b-02.jpg","328374"
"0071824cx017b-03.jpg","329070"
"0071824cx017b-05.jpg","380047"
"0071824cx017b-06.jpg","289701"
"0071824cx019-01.jpg","203386"
"0071824cx019-02.jpg","225400"
"0071824cx019-03.jpg","206056"
"0071824cx019-04.jpg","213462"
"0071824cx019-05.jpg","218906"
"0071824cx019-06.jpg","223222"
"0071824cx019-07.jpg","227503"
"0071824cx019-08.jpg","205596"
"0071824cx019-09.jpg","190809"
"0071824cx019-10.jpg","215080"
"0071824cx019-11.jpg","198909"
"0071824cx019-12.jpg","212228"
"0071824cx019-13.jpg","192709"
"0071824cx020-01.jpg","213719"
"0071824cx020-02.jpg","226727"
"0071824cx020-03.jpg","149026"
"0071824cx020-04.jpg","194439"
"0071824cx020-05.jpg","201467"
"0071824cx020-06.jpg","238659"
"0071824cx020-07.jpg","211658"
"0071824cx020-08.jpg","208467"
"0071824cx020-09.jpg","211044"
"0071824cx020-11.jpg","228882"
"0071824cx020-12.jpg","237791"
"0071824cx021-01.jpg","195246"
"0071824cx021-02.jpg","152449"
"0071824cx021-03.jpg","180501"
"0071824cx021-04.jpg","159267"
"0071824cx021-05.jpg","181829"
"0071824cx021-06.jpg","207908"
"0071824cx021-07.jpg","229526"
"0071824cx021-08.jpg","176858"
"0071824cx021-09.jpg","136796"
"0071824cx021-10.jpg","176546"
"0071824cx021-11.jpg","149873"
"0071824cx021-12.jpg","140858"
"0071824cx021-13.jpg","215306"
"0071824cx022-01.jpg","297920"
"0071824cx022-02.jpg","257692"
"0071824cx022-03.jpg","336335"
"0071824cx022-04.jpg","244320"
"0071824cx022-05.jpg","211451"
"0071824cx022-06.jpg","176836"
"0071824cx022-07.jpg","230340"
"0071824cx022-08.jpg","271229"
"0071824cx022-12.jpg","286920"
"0071824cx022-13.jpg","189434"
"0071824cx022-14.jpg","175391"
"0071824cx022-15.jpg","204613"
"0071824cx023-01.jpg","173594"
"0071824cx023-02.jpg","172001"
"0071824cx023-03.jpg","351154"
"0071824cx023-04.jpg","245451"
"0071824cx023-05.jpg","194315"
"0071824cx023-06.jpg","203626"
"0071824cx023-07.jpg","247104"
"0071824cx023-08.jpg","199052"
"0071824cx024-01.jpg","193646"
"0071824cx024-02.jpg","214802"
"0071824cx024-03.jpg","135198"
"0071824cx024-04.jpg","185339"
"0071824cx024-05.jpg","200699"
"0071824cx024-06.jpg","301444"
"0071824cx024-07.jpg","312825"
"0071824cx024-08.jpg","210559"
"0071824cx024-10.jpg","265699"
"0071824cx024-12.jpg","228874"
"0071824cx028-01.jpg","270384"
"0071824cx028-02.jpg","236629"
"0071824cx028-03.jpg","206291"
"0071824cx028-05.jpg","277885"
"0071824cx028-08.jpg","140710"
"0071824cx028-09.jpg","134088"
"0071824cx028-10.jpg","183898"
"0071824cx028-11.jpg","209004"
"0071824cx031-06.jpg","267058"
"0071824cx031-07.jpg","297346"
"0071824cx031-08.jpg","143002"
"0071824cx031-09.jpg","205234"
"0071824cx033b-09.jpg","200012"
"0071824cx033b-10.jpg","229877"
"0071824cx033b-11.jpg","246133"
"0071824cx033b-12.jpg","243811"
"0071824cx036a-01.jpg","135757"
"0071824cx036a-02.jpg","121673"
"0071824cx036a-03.jpg","194263"
"0071824cx036a-04.jpg","205598"
"0071824cx036a-05.jpg","172781"
"0071824cx036a-06.jpg","148020"
"0071824cx036a-08.jpg","150455"
"0071824cx036b-01.jpg","204885"
"0071824cx036b-02.jpg","219538"
"0071824cx036b-03.jpg","317616"
"0071824cx036b-04.jpg","292128"
"0071824cx036b-05.jpg","341487"
"0071824cx036b-06.jpg","197172"
"0071824cx036b-08.jpg","322563"
"0071824cx037-01.jpg","211087"
"0071824cx037-02.jpg","215573"
"0071824cx037-03.jpg","239288"
"0071824cx037-04.jpg","381593"
"0071824cx037-05.jpg","241839"
"0071824cx037-06.jpg","174259"
"0071824cx037-09.jpg","193962"
"0071824cx037-10.jpg","213350"
"0071824cx037-11.jpg","189868"
"0071824cx037-12.jpg","198835"
"0071824cx037-13.jpg","192690"
"0071824cx037-14.jpg","273396"
"0071824cx037-15.jpg","233731"
"0071824cx038-03.jpg","315874"
"0071824cx038-05.jpg","365007"
"0071824cx038-06.jpg","246868"
"0071824cx038-07.jpg","248661"
"0071824cx038-08.jpg","275090"
"0071824cx038-09.jpg","279814"
"0071824cx038-10.jpg","224175"
"0071824cx038-11.jpg","318788"
"0071824cx038-12.jpg","157605"
"0071824cx038-13.jpg","379641"
"0071824cx038-14.jpg","322778"
"0071824cx039-03.jpg","149003"
"0071824cx039-04.jpg","152929"
"0071824cx040-01.jpg","278213"
"0071824cx040-02.jpg","188416"
"0071824cx040-03.jpg","191674"
"0071824cx040-04.jpg","250206"
"0071824cx040-05.jpg","146661"
"0071824cx040-06.jpg","177195"
"0071824cx040-07.jpg","203505"
"0071824cx040-08.jpg","169249"
"0071824cx040-09.jpg","184417"
"0071824cx040-10.jpg","181166"
"0071824cx040-11.jpg","193525"
"0071824cx040-12.jpg","160347"
"0071824cx040-13.jpg","159929"
"0071824cx041-01.jpg","174707"
"0071824cx041-02.jpg","161321"
"0071824cx042-01.jpg","175943"
"0071824cx042-02.jpg","188350"
"0071824cx042-03.jpg","135805"
"0071824cx042-05.jpg","203116"
"0071824cx042-06.jpg","107325"
"0071824cx042-07.jpg","163548"
"0071824cx042-08.jpg","189047"
"0071824cx042-09.jpg","199344"
"0071824cx042-10.jpg","108534"
"0071824cx042-11.jpg","189524"
"0071824cx042-13.jpg","270430"
"0071824cx043a-01.jpg","182739"
"0071824cx043a-03.jpg","140760"
"0071824cx043a-11.jpg","112494"
"0071824cx043a-12.jpg","322992"
"0071824cx045-01.jpg","238757"
"0071824cx045-02.jpg","305494"
"0071824cx045-03.jpg","284698"
"0071824cx045-04.jpg","162620"
"0071824cx045-10.jpg","264294"
"0071824cx045-11.jpg","296732"
"0071824cx045-12.jpg","350534"
"0071824cx046-02.jpg","164641"
"0071824cx046-03.jpg","269018"
"0071824cx046-05.jpg","116412"
"0071824cx049-12.jpg","337192"
"0071824cx049-13.jpg","240742"
"0071824cx049b-02.jpg","152080"
"0071824cx049b-06.jpg","251203"
"0071824cx049b-08.jpg","271893"
"0071824cx050-01.jpg","209888"
"0071824cx050-06.jpg","182146"
"0071824cx056-01.jpg","184888"
"0071824cx056-02.jpg","211859"
"0071824cx056-04.jpg","225086"
"0071824cx056-05.jpg","230085"
"0071824cx056-06.jpg","216297"
"0071824cx056-07.jpg","170025"
"0071824cx056-08.jpg","178358"
"0071824cx057-02.jpg","132781"
"0071824cx057-03.jpg","199707"
"0071824cx057-04.jpg","192145"
"0071824cx057-09.jpg","164855"
"0071824cx057-10.jpg","223735"
"0071824cx057-11.jpg","195163"
"0071824cx060-01.jpg","223979"
"0071824cx060-02.jpg","208906"
"0071824cx060-03.jpg","163642"
"0071824cx060-04.jpg","184585"
"0071824cx060-05.jpg","199856"
"0071824cx060-06.jpg","165116"
"0071824cx060-07.jpg","199583"
"0071824cx060-08.jpg","183348"
"0071824cx060-09.jpg","231615"
"0071824cx060-12.jpg","226639"
"0071824cx063-02.jpg","137681"
"0071824cx063-04.jpg","122336"
"0071824cx063-06.jpg","120149"
"0071824cx063-08.jpg","178905"
"0071824cx063-09.jpg","195145"
"0071824cx063-10.jpg","115299"
"0071824cx063-12.jpg","156325"
"0071824cx064-10.jpg","238981"
"0071824cx064-11.jpg","185209"
"0071824cx064-12.jpg","171653"
"0071824cx064-14.jpg","97366"
"0071824cx064-15.jpg","151091"
"0071824cx064-16.jpg","160369"
"0071824cx065-02.jpg","154507"
"0071824cx065-03.jpg","160619"
"0071824cx065-04.jpg","186392"
"0071824cx065-05.jpg","203625"
"0071824cx065-06.jpg","187360"
"0071824cx065-07.jpg","184467"
"0071824cx065-08.jpg","171621"
"0071824cx065-09.jpg","199966"
"0071824cx065-10.jpg","171933"
"0071824cx065-11.jpg","167626"
"0071824cx065-12.jpg","164313"
"0071824cx066-02.jpg","353087"
"0071824cx066-08.jpg","166428"
"0071824cx066-12.jpg","180816"
"0071824cx066-13.jpg","158966"
"0071824cx066-14.jpg","210510"
"0071824cx066-15.jpg","177727"
"0071824cx066-16.jpg","163509"
"0071824cx067-01.jpg","130891"
"0071824cx067-02.jpg","166614"
"0071824cx067-03.jpg","159345"
"0071824cx067-04.jpg","252376"
"0071824cx067-05.jpg","198218"
"0071824cx068-01.jpg","272122"
"0071824cx068-09.jpg","193667"
"0071824cx068-10.jpg","172761"
"0071824cx068-11.jpg","160058"
"0071824cx068-12.jpg","148527"
"0071824cx068-13.jpg","160903"
"0071824cx068-14.jpg","173279"
"0071824cx068-16.jpg","255367"
"0071824cx070-02.jpg","165552"
"0071824cx070-03.jpg","106458"
"0071824cx070-04.jpg","237909"
"0071824cx070-08.jpg","217818"
"0071824cx070-09.jpg","174678"
"0071824cx070-10.jpg","194668"
"0071824cx070-11.jpg","137501"
"0071824cx070-12.jpg","156596"
"0071824cx070-13.jpg","136044"
"0071824cx071-01.jpg","349221"
"0071824cx071-02.jpg","336491"
"0071824cx071-03.jpg","185049"
"0071824cx071-04.jpg","160704"
"0071824cx071-05.jpg","268837"
"0071824cx071-06.jpg","164324"
"0071824cx071-07.jpg","220369"
"0071824cx071-09.jpg","150447"
"0071824cx071-10.jpg","240201"
"0071824cx072-01.jpg","180859"
"0071824cx072-02.jpg","177060"
"0071824cx072-04.jpg","159707"
"0071824cx072-07.jpg","172732"
"0071824cx072-08.jpg","166301"
"0071824cx072-10.jpg","148548"
"0071824cx081-01.jpg","201322"
"0071824cx081-02.jpg","194616"
"0071824cx081-03.jpg","379262"
"0071824cx081-04.jpg","371932"
"0071824cx081-05.jpg","331353"
"0071824cx081-06.jpg","113928"
"0071824cx081-08.jpg","314282"
"0071824cx081-09.jpg","361396"
"0071824cx081-10.jpg","313726"
"0071824cx083-15.jpg","134809"
"0071824cx084-07.jpg","214941"
"0071824cx084-08.jpg","219013"
"0071824cx084-09.jpg","202432"
"0071824cx084-10.jpg","239147"
"0071824cx092-01.jpg","149824"
"0071824cx092-02.jpg","140845"
"0071824cx092-04.jpg","249724"
"0071824cx092-05.jpg","227311"
"0071824cx092-06.jpg","220447"
"0071824cx092-07.jpg","187160"
"0071824cx093-02.jpg","183579"
"0071824cx093-03.jpg","151801"
"0071824cx093-04.jpg","150898"
"0071824cx093-07.jpg","150276"
"0071824cx096b-01.jpg","154148"
"0071824cx096b-04.jpg","218942"
"0071824cx096b-05.jpg","230101"
"0071824cx096b-09.jpg","271154"
"0071824cx096b-12.jpg","291698"
"0071824cx098-01.jpg","365785"
"0071824cx098-02.jpg","191466"
"0071824cx098-03.jpg","186462"
"0071824cx098-05.jpg","244866"
"0071824cx098-06.jpg","146133"
"0071824cx098-08.jpg","219494"
"0071824cx098-09.jpg","207979"
"0071824cx098-11.jpg","185231"
"0071824cx101-07.jpg","172902"
"0071824cx101-09.jpg","234924"
"0071824cx101-10.jpg","154662"
"0071824cx101-11.jpg","165779"
"0071824cx106-01.jpg","181075"
"0071824cx106-02.jpg","188021"
"0071824cx106-03.jpg","211540"
"0071824cx106-04.jpg","206105"
"0071824cx106-05.jpg","216580"
"0071824cx106-06.jpg","179343"
"0071824cx106-07.jpg","194482"
"0071824cx107-03.jpg","153684"
"0071824cx107-04.jpg","93805"
"0071824cx107-09.jpg","135609"
"0071824cx107-10.jpg","156605"
"0071824cx107-11.jpg","185643"
"0071824cx108-01.jpg","100802"
"0071824cx108-02.jpg","159890"
"0071824cx108-03.jpg","172707"
"0071824cx108-04.jpg","145164"
"0071824cx109a-01.jpg","181839"
"0071824cx109a-06.jpg","185843"
"0071824cx109a-07.jpg","196081"
"0071824cx111-02.jpg","171500"
"0071824cx111-05.jpg","219781"
"0071824cx112-01.jpg","182768"
"0071824cx112-02.jpg","150053"
"0071824cx112-03.jpg","172085"
"0071824cx112-04.jpg","187212"
"0071824cx112-05.jpg","137819"
"0071824cx112-06.jpg","149332"
"0071824cx112-07.jpg","175205"
"0071824cx112-08.jpg","135480"
"0071824cx112-10.jpg","139284"
"0071824cx112-11.jpg","170483"
"0071824cx114-01.jpg","196790"
"0071824cx114-02.jpg","189493"
"0071824cx114-03.jpg","201314"
"0071824cx114-04.jpg","117720"
"0071824cx114-05.jpg","156119"
"0071824cx114-06.jpg","159585"
"0071824cx121-02.jpg","165921"
"0071824cx121-03.jpg","178857"
"0071824cx121-04.jpg","184147"
"0071824cx121-11.jpg","238361"
"0071824cx125-01.jpg","283986"
"0071824cx126-01.jpg","164379"
"0071824cx126-02.jpg","157196"
"0071824cx126-05.jpg","158054"
"0071824cx126-06.jpg","172940"
"0071824cx126-07.jpg","294929"
"0071824cx126-08.jpg","202997"
"0071824cx126-09.jpg","203321"
"0071824cx126-10.jpg","172769"
"0071824cx126-11.jpg","186842"
"0071824cx127-06.jpg","142986"
"0071824cx127-07.jpg","223352"
"0071824cx127-08.jpg","248783"
"0071824cx127-10.jpg","185186"
"0071824cxambulantesb-05.jpg","201499"
"0071824cxavulsos2-01.jpg","157225"
"0071824cxavulsos2-02.jpg","147346"
"0071824cxavulsos2-03.jpg","243017"
"0071824cxavulsos2-04.jpg","216997"
"0071824cxjulioferrez2-01.jpg","231986"
"0071824cxminas3-07.jpg","236749"
"0071824cxpintcand-01.jpg","169479"
"0071824cxpintcand-03.jpg","150530"
"0071824cxpintcand-04.jpg","180191"
"0071824cxrio1-09.jpg","184040"
"0071824cxrio2-02_2.jpg","374354"
"0071824cxrio2-03.jpg","167354"
"0071824cxrio2-04.jpg","199427"
"0071824cxrio2-05.jpg","210678"
"0071824cxrio2-06.jpg","229172"
"0071824cxrio2-07.jpg","174290"
"0071824cxrio2-08.jpg","139413"
"0071824cxrio2-09.jpg","203051"
"0071824cxrio2-10.jpg","134525"
"0071824cxrio2-11.jpg","211881"
"0071824cxrio2-12.jpg","195822"
"0071824cxrio2-13.jpg","209474"
"0071824cxrio3-01.jpg","193243"
"0071824cxrio3-02.jpg","149394"
"0071824cxrio3-03.jpg","185127"
"0071824cxrio3-04.jpg","165855"
"0071824cxrio3-05.jpg","217052"
"0071824cxrio3-06.jpg","154703"
"0071824cxrio3-07.jpg","133338"
"0071824cxrio3-09.jpg","263214"
"0071824cxrio4-05.jpg","265214"
"0071824cxsn1-04.jpg","189673"
"0071824cxsn1-10.jpg","189483"
"0071824cxsn1-12.jpg","189250"
"0071824cxsn2-01.jpg","210985"
"0071824cxsn2-02.jpg","210645"
"0071824cxsn2-03.jpg","120140"
"0071824cxsn2-04.jpg","194455"
"0071824cxsn2-06.jpg","182255"
"0071824cxsn2-07.jpg","101537"
"0071824cxsn2-08.jpg","222965"
"0071824cxsn2-09.jpg","209723"
"0071824cxsn2-10.jpg","298723"
"0071824cxsn2-11.jpg","292510"
"0071824cxsn2-12.jpg","344510"
"0071824cxsn2-13.jpg","186218"
"0071824cxvarios1-01.jpg","152955"
"0071824cxvarios1-02.jpg","171186"
"0071824cxvarios1-03.jpg","151736"
"0071824cxvarios1-04.jpg","179414"
"0071824cxvarios1-05.jpg","140251"
"0071824cxvarios1-06.jpg","169732"
"0072430cx003a-03.jpg","182150"
"0072430cx003b-01.jpg","183406"
"0072430cx003b-02.jpg","161732"
"0072430cx003b-03.jpg","145715"
"0072430cx003b-04.jpg","184193"
"0072430cx003b-05.jpg","171189"
"0072430cx003b-06.jpg","164128"
"0072430cx003b-07.jpg","168007"
"0072430cx003b-08.jpg","180302"
"0072430cx003b-09.jpg","190496"
"0072430cx003b-10.jpg","215726"
"0072430cx003b-11.jpg","190691"
"0072430cx004-01.jpg","147366"
"0072430cx004-02.jpg","133163"
"0072430cx004-03.jpg","133936"
"0072430cx006-01.jpg","196076"
"0072430cx006-02.jpg","307863"
"0072430cx006-03.jpg","266011"
"0072430cx006-04.jpg","279720"
"0072430cx006-05.jpg","201017"
"0072430cx006-06.jpg","331681"
"0072430cx006-07.jpg","306418"
"0072430cx006-08.jpg","169999"
"0072430cx006-09.jpg","281778"
"0072430cx006-11.jpg","292940"
"0072430cx006-12.jpg","336617"
"0072430cx007-02.jpg","153810"
"0072430cx007-03.jpg","171060"
"0072430cx007-05.jpg","166700"
"0072430cx007-07.jpg","178253"
"0072430cx007-10.jpg","151218"
"0072430cx007-11.jpg","129214"
"0072430cx007-13.jpg","290743"
"0072430cx009-01.jpg","170097"
"0072430cx009-02.jpg","181563"
"0072430cx009-03.jpg","347865"
"0072430cx009-04.jpg","194196"
"0072430cx009-05.jpg","218672"
"0072430cx009-06.jpg","220288"
"0072430cx009-07.jpg","209202"
"0072430cx009-08.jpg","252998"
"0072430cx009-09.jpg","169402"
"0072430cx010-01.jpg","151348"
"0072430cx010-02.jpg","211511"
"0072430cx010-03.jpg","226106"
"0072430cx010-04.jpg","227551"
"0072430cx010-05.jpg","265546"
"0072430cx010-06.jpg","272927"
"0072430cx010-07.jpg","216647"
"0072430cx010-09.jpg","204380"
"0072430cx011-01.jpg","186207"
"0072430cx011-02.jpg","326614"
"0072430cx011-04.jpg","176895"
"0072430cx011-05.jpg","306272"
"0072430cx011-06.jpg","264445"
"0072430cx012-01.jpg","182972"
"0072430cx021-01.jpg","154755"
"0072430cx021-02.jpg","184454"
"0072430cx021-03.jpg","263954"
"0072430cx021-04.jpg","203710"
"0072430cx021-05.jpg","183706"
"0072430cx021-07.jpg","204015"
"0072430cx022-16.jpg","261540"
"0072430cx023-04.jpg","114801"
"0072430cx023-06.jpg","179519"
"0072430cx023-07.jpg","228346"
"0072430cx025-02.jpg","203358"
"0072430cx027-01.jpg","203238"
"0072430cx027-04.jpg","222349"
"0072430cx027-05.jpg","190694"
"0072430cx027-06.jpg","169839"
"0072430cx027-07.jpg","178231"
"0072430cx027-08.jpg","218921"
"0072430cx027-09.jpg","188509"
"0072430cx027-10.jpg","199782"
"0072430cx027-11.jpg","224861"
"0072430cx027-12.jpg","195753"
"0072430cx028-01.jpg","210938"
"0072430cx028-02.jpg","200704"
"0072430cx028-03.jpg","213217"
"0072430cx030-01.jpg","276777"
"0072430cx030-02.jpg","248475"
"0072430cx030-04.jpg","175820"
"0072430cx030-06.jpg","244738"
"0072430cx031-05.jpg","252671"
"0072430cx031-07.jpg","336430"
"0072430cx031-08.jpg","241869"
"0072430cx031-10.jpg","335851"
"0072430cx031-11.jpg","261107"
"0072430cx031-13.jpg","256106"
"0072430cx032b-01.jpg","207332"
"0072430cx032b-02.jpg","130691"
"0072430cx032b-05.jpg","241749"
"0072430cx032b-06.jpg","204963"
"0072430cx032b-07.jpg","225475"
"0072430cx033b-01.jpg","194585"
"0072430cx033b-02.jpg","186904"
"0072430cx037-06.jpg","187277"
"0072430cx040-01.jpg","128894"
"0072430cx040-02.jpg","162873"
"0072430cx040-03.jpg","189028"
"0072430cx040-04.jpg","190282"
"0072430cx040-05.jpg","351001"
"0072430cx040-06.jpg","212283"
"0072430cx040-07.jpg","152032"
"0072430cx040-08.jpg","176044"
"0072430cx041-01.jpg","229167"
"0072430cx041-02.jpg","166498"
"0072430cx041-03.jpg","206088"
"0072430cx041-04.jpg","197104"
"0072430cx043-02.jpg","188098"
"0072430cx043-03.jpg","182725"
"0072430cx043-05.jpg","173539"
"0072430cx043-06.jpg","203800"
"0072430cx043-07.jpg","136669"
"0072430cx043-08.jpg","165315"
"0072430cx043-09.jpg","225190"
"0072430cx043-10.jpg","212611"
"0072430cx044a-01.jpg","173377"
"0072430cx044a-02.jpg","197879"
"0072430cx044a-03.jpg","223955"
"0072430cx044a-04.jpg","166426"
"0072430cx044a-05.jpg","122007"
"0072430cx044a-07.jpg","235106"
"0072430cx044a-08.jpg","169287"
"0072430cx044a-09.jpg","175397"
"0072430cx045a-04.jpg","316764"
"0072430cx045a-05.jpg","116911"
"0072430cx046-01.jpg","147295"
"0072430cx046-02.jpg","264742"
"0072430cx046-03.jpg","356000"
"0072430cx046-04.jpg","388581"
"0072430cx046-05.jpg","344337"
"0072430cx046-06.jpg","253147"
"0072430cx046-07.jpg","425500"
"0072430cx046-08.jpg","202338"
"0072430cx046-09.jpg","309951"
"0072430cx046-10.jpg","343295"
"0072430cx046-11.jpg","246162"
"0072430cx046-12.jpg","228385"
"0072430cx046-13.jpg","152870"
"0072430cx046-14.jpg","285935"
"0072430cx046-15.jpg","307295"
"0072430cx046-16.jpg","308840"
"0072430cx047-01.jpg","197578"
"0072430cx047-02.jpg","188819"
"0072430cx047-03.jpg","197013"
"0072430cx047-04.jpg","178167"
"0072430cx050-04.jpg","168562"
"0072430cx050-05.jpg","192478"
"0072430cx050-06.jpg","211868"
"0072430cx053-01.jpg","252889"
"0072430cx053-02.jpg","254176"
"0072430cx053-03.jpg","170511"
"0072430cx053-05.jpg","175572"
"0072430cx053-06.jpg","144560"
"0072430cx055-04.jpg","159896"
"0072430cx055-05.jpg","151199"
"0072430cx055-06.jpg","174826"
"0072430cx055-07.jpg","154550"
"0072430cx055-08.jpg","130905"
"0072430cx055-09.jpg","158791"
"0072430cx055-10.jpg","184256"
"0072430cx055-11.jpg","190954"
"0072430cx056a-01.jpg","182138"
"0072430cx056a-02.jpg","185597"
"0072430cx056a-03.jpg","153349"
"0072430cx056a-04.jpg","152702"
"0072430cx056a-05.jpg","140127"
"0072430cx056a-06.jpg","199133"
"0072430cx056a-07.jpg","164819"
"0072430cx056a-08.jpg","174954"
"0072430cx056a-09.jpg","215402"
"0072430cx056a-10.jpg","201778"
"0072430cx056a-11.jpg","154285"
"0072430cx056a-12.jpg","190053"
"0072430cx058-02.jpg","242542"
"0072430cx058-03.jpg","253114"
"0072430cx058-04.jpg","167806"
"0072430cx058-05.jpg","259607"
"0072430cx058-06.jpg","203791"
"0072430cx058-07.jpg","253245"
"0072430cx058-08.jpg","198908"
"0072430cx058-09.jpg","199961"
"0072430cx058-10.jpg","236774"
"0072430cx058-11.jpg","172409"
"0072430cx058-12.jpg","196506"
"0072430cx058-13.jpg","199476"
"0072430cx058-14.jpg","182170"
"0072430cx061-03.jpg","305329"
"0072430cx061-05.jpg","201423"
"0072430cx061-06.jpg","173847"
"0072430cx061-07.jpg","181733"
"0072430cx061-09.jpg","312227"
"0072430cx061-12.jpg","231981"
"0072430cx066-01.jpg","159661"
"0072430cx066-02.jpg","160290"
"0072430cx066-03.jpg","167955"
"0072430cx066-04.jpg","156296"
"0072430cx066-05.jpg","137708"
"0072430cx066-06.jpg","164046"
"0072430cx066-07.jpg","132900"
"0072430cx066-08.jpg","182272"
"0072430cx066-09.jpg","160511"
"0072430cx066-10.jpg","229819"
"0072430cx066-11.jpg","165367"
"0072430cx066-12.jpg","165395"
"0072430cx066-13.jpg","177432"
"0072430cx068-01.jpg","310160"
"0072430cx068-02.jpg","360706"
"0072430cx068-03.jpg","287684"
"0072430cx068-04.jpg","235647"
"0072430cx068-05.jpg","327242"
"0072430cx068-06.jpg","371306"
"0072430cx068-08.jpg","282633"
"0072430cx069-06.jpg","331862"
"0072430cx069-07.jpg","240570"
"0072430cx069-08.jpg","297965"
"0072430cx069-09.jpg","246771"
"0072430cx069-10.jpg","303569"
"0072430cx097-04.jpg","247911"
"0072430cx097-05.jpg","235794"
"0072430cx097-06.jpg","247191"
"0072430cx097-07.jpg","197373"
"0072430cx097-09.jpg","263241"
"0072430cx097-10.jpg","305515"
"0072430cx097-11.jpg","244187"
"0072430cx097-12.jpg","174686"
"0072430cx098-07.jpg","189446"
"0072430cx098-08.jpg","192536"
"0072430cx098-09.jpg","222610"
"0072430cx100-02.jpg","273277"
"0072430cx100-05.jpg","230318"
"0072430cx101-12.jpg","318784"
"0072430cxsn1-08.jpg","161508"
